<?xml version="1.0" encoding="UTF-8"?>
<project-private xmlns="http://www.netbeans.org/ns/project-private/1">
    <editor-bookmarks xmlns="http://www.netbeans.org/ns/editor-bookmarks/2" lastBookmarkId="0"/>
    <open-files xmlns="http://www.netbeans.org/ns/projectui-open-files/2">
        <group>
            <file>file:/C:/Users/Pradumya%20Shrivastava/Desktop/New%20folder/Attendance/src/DB/DBConnection.java</file>
            <file>file:/C:/Users/Pradumya%20Shrivastava/Desktop/New%20folder/Attendance/src/DB/DeleteDatabase.java</file>
            <file>file:/C:/Users/Pradumya%20Shrivastava/Desktop/New%20folder/Attendance/src/DB/DisplayDatabase.java</file>
            <file>file:/C:/Users/Pradumya%20Shrivastava/Desktop/New%20folder/Attendance/src/attendance/Attendance.java</file>
            <file>file:/C:/Users/Pradumya%20Shrivastava/Desktop/New%20folder/Attendance/src/attendance/AttendanceSceneController.java</file>
        </group>
    </open-files>
</project-private>
